SEASON_1,LOC_X,LOC_Y,SHOT_PCT
2024,14.0,88.0,0.0
2024,-8.0,89.0,0.0
2024,21.0,84.0,0.0
2024,17.0,85.0,0.0
2024,22.0,83.0,0.0
2024,-15.0,83.0,0.0
2024,1.0,85.0,0.0
2024,-19.0,81.0,0.0
2024,1.0,84.0,0.0
2024,18.0,80.0,0.0
2024,-2.0,83.0,0.0
2024,-3.0,83.0,0.0
2024,-19.0,79.0,0.0
2024,-14.0,81.0,0.0
2024,7.0,82.0,0.0
2024,-5.0,82.0,0.0
2024,23.0,77.0,0.0
2024,6.0,81.0,0.0
2024,-1.0,80.0,0.0
2024,-19.0,76.0,0.0
2024,19.0,77.0,0.0
2024,-16.0,77.0,0.0
2024,22.0,75.0,0.0
2024,-16.0,76.0,0.0
2024,-11.0,77.0,0.0
2024,-7.0,78.0,0.0
2024,10.0,76.0,0.0
2024,-12.0,76.0,0.0
2024,0.0,76.0,0.0
2024,-0.0,77.0,0.0
2024,16.0,74.0,0.0
2024,-8.0,75.0,0.0
2024,-3.0,76.0,0.0
2024,15.0,73.0,0.0
2024,-7.0,74.0,0.0
2024,6.0,74.0,0.0
2024,-1.0,74.0,0.0
2024,0.0,75.0,0.0
2024,17.0,72.0,0.0
2024,-11.0,72.0,0.0
2024,12.0,73.0,0.0
2024,11.0,73.0,0.0
2024,6.0,73.0,0.0
2024,0.0,73.0,0.0
2024,22.0,69.0,0.0
2024,-18.0,71.0,0.0
2024,11.0,71.0,0.0
2024,-8.0,72.0,0.0
2024,10.0,72.0,0.0
2024,-3.0,73.0,0.0
2024,-6.0,73.0,0.0
2024,7.0,73.0,0.0
2024,1.0,73.0,0.0
2024,15.0,71.0,0.0
2024,10.0,71.0,0.0
2024,-2.0,72.0,0.0
2024,0.0,72.0,0.0
2024,-1.0,72.0,0.0
2024,-20.0,68.0,0.0
2024,17.0,69.0,0.0
2024,-17.0,69.0,0.0
2024,-12.0,70.0,0.0
2024,-3.0,70.0,0.0
2024,1.0,71.0,0.0
2024,-7.0,71.0,0.0
2024,0.0,71.0,0.0
2024,-19.0,67.0,0.0
2024,19.0,67.0,0.0
2024,20.0,67.0,0.0
2024,13.0,68.0,0.0
2024,-4.0,69.0,0.0
2024,5.0,69.0,0.0
2024,-2.0,69.0,0.0
2024,-21.0,65.0,0.0
2024,21.0,65.0,0.0
2024,17.0,66.0,0.0
2024,-12.0,67.0,0.0
2024,11.0,68.0,0.0
2024,10.0,68.0,0.0
2024,0.0,68.0,0.0
2024,1.0,69.0,0.0
2024,22.0,64.0,0.0
2024,-18.0,65.0,0.0
2024,-15.0,66.0,0.0
2024,-12.0,66.0,0.0
2024,16.0,66.0,0.0
2024,0.0,67.0,1.0
2024,6.0,67.0,0.0
2024,7.0,68.0,0.0
2024,-4.0,68.0,0.0
2024,17.0,64.0,0.0
2024,17.0,65.0,0.0
2024,13.0,65.0,0.0
2024,-14.0,66.0,1.0
2024,-6.0,66.0,0.0
2024,-19.0,62.0,0.0
2024,-21.0,62.0,0.0
2024,-17.0,63.0,0.0
2024,-19.0,63.0,0.0
2024,-16.0,63.0,0.0
2024,17.0,63.0,0.0
2024,14.0,64.0,0.0
2024,12.0,64.0,0.0
2024,12.0,65.0,0.0
2024,5.0,65.0,0.0
2024,-2.0,65.0,0.0
2024,5.0,66.0,0.0
2024,21.0,61.0,0.0
2024,18.0,62.0,0.0
2024,19.0,62.0,0.0
2024,12.0,63.0,0.0
2024,2.0,64.0,0.0
2024,3.0,65.0,0.0
2024,7.0,65.0,0.0
2024,-22.0,59.0,0.0
2024,-21.0,60.0,0.0
2024,-17.0,61.0,0.5
2024,-18.0,61.0,0.0
2024,-16.0,61.0,0.0
2024,14.0,62.0,0.0
2024,12.0,62.0,0.0
2024,7.0,63.0,0.0
2024,-2.0,64.0,0.0
2024,7.0,64.0,0.0
2024,-7.0,64.0,0.0
2024,1.0,64.0,0.0
2024,-22.0,58.0,0.0
2024,-20.0,59.0,0.0
2024,-18.0,60.0,0.0
2024,-17.0,60.0,0.0
2024,13.0,61.0,0.0
2024,-14.0,61.0,0.0
2024,-10.0,61.0,0.0
2024,12.0,61.0,0.0
2024,7.0,62.0,0.0
2024,0.0,63.0,0.0
2024,4.0,63.0,0.0
2024,1.0,63.0,0.0
2024,-5.0,63.0,0.0
2024,2.0,63.0,0.0
2024,-2.0,63.0,0.0
2024,18.0,58.0,0.0
2024,-18.0,59.0,0.0
2024,-17.0,59.0,0.0
2024,-16.0,59.0,0.0
2024,-14.0,60.0,0.0
2024,-15.0,60.0,0.0
2024,15.0,60.0,0.0
2024,11.0,61.0,0.0
2024,1.0,62.0,0.0
2024,-3.0,62.0,0.0
2024,-0.0,62.0,0.0
2024,-4.0,62.0,0.0
2024,2.0,62.0,0.0
2024,-18.0,57.0,0.0
2024,-19.0,58.0,0.0
2024,16.0,58.0,0.0
2024,-18.0,58.0,0.0
2024,15.0,59.0,0.0
2024,-14.0,59.0,0.0
2024,-1.0,60.0,0.0
2024,0.0,60.0,0.0
2024,-1.0,61.0,0.0
2024,3.0,61.0,0.0
2024,20.0,56.0,0.0
2024,-18.0,56.0,0.0
2024,17.0,56.0,0.0
2024,19.0,57.0,0.0
2024,-19.0,57.0,0.0
2024,17.0,57.0,0.0
2024,-17.0,57.0,0.0
2024,14.0,58.0,0.0
2024,-13.0,58.0,0.0
2024,-12.0,58.0,0.0
2024,-12.0,59.0,0.0
2024,6.0,59.0,0.0
2024,-3.0,59.0,0.0
2024,-6.0,59.0,0.0
2024,2.0,59.0,0.0
2024,-6.0,60.0,0.0
2024,22.0,54.0,0.0
2024,21.0,55.0,0.0
2024,-20.0,55.0,0.0
2024,18.0,56.0,0.0
2024,-14.0,56.0,0.0
2024,-13.0,57.0,0.0
2024,-16.0,57.0,0.0
2024,-11.0,57.0,0.0
2024,14.0,57.0,0.0
2024,12.0,57.0,0.0
2024,9.0,58.0,0.0
2024,11.0,58.0,0.0
2024,-8.0,58.0,0.0
2024,6.0,58.0,0.0
2024,8.0,58.0,0.0
2024,1.0,59.0,0.0
2024,0.0,59.0,0.0
2024,-1.0,59.0,0.0
2024,20.0,54.0,0.0
2024,-20.0,54.0,0.0
2024,-18.0,54.0,0.0
2024,19.0,54.0,0.0
2024,17.0,55.0,0.0
2024,16.0,55.0,0.0
2024,15.0,55.0,0.0
2024,-15.0,55.0,0.0
2024,14.0,56.0,0.0
2024,16.0,56.0,0.0
2024,-10.0,57.0,0.0
2024,9.0,57.0,0.0
2024,7.0,57.0,0.0
2024,4.0,58.0,0.0
2024,5.0,58.0,0.0
2024,3.0,58.0,0.0
2024,-3.0,58.0,0.0
2024,-0.0,58.0,0.0
2024,-2.0,58.0,0.0
2024,-1.0,58.0,0.0
2024,21.0,52.0,0.0
2024,-19.0,53.0,0.0
2024,16.0,54.0,0.0
2024,18.0,54.0,0.0
2024,-14.0,54.0,0.0
2024,-10.0,56.0,0.0
2024,12.0,56.0,0.0
2024,-11.0,56.0,0.0
2024,3.0,57.0,0.0
2024,-21.0,51.0,0.0
2024,-19.0,52.0,0.0
2024,-20.0,52.0,0.0
2024,-18.0,52.0,0.0
2024,-17.0,53.0,0.0
2024,-18.0,53.0,0.0
2024,-15.0,53.0,0.0
2024,-16.0,53.0,0.0
2024,15.0,54.0,1.0
2024,-11.0,54.0,0.0
2024,-9.0,55.0,0.0
2024,-1.0,56.0,0.0
2024,-3.0,56.0,0.0
2024,21.0,50.0,0.0
2024,19.0,50.0,0.0
2024,19.0,51.0,0.0
2024,-19.0,51.0,0.0
2024,-16.0,52.0,0.0
2024,-17.0,52.0,0.0
2024,15.0,52.0,0.5
2024,14.0,53.0,0.0
2024,-12.0,53.0,0.0
2024,-9.0,54.0,0.0
2024,-4.0,54.0,0.0
2024,-2.0,54.0,0.0
2024,1.0,54.0,0.0
2024,-8.0,54.0,0.0
2024,-4.0,55.0,0.0
2024,4.0,55.0,0.0
2024,-22.0,48.0,0.0
2024,-19.0,50.0,0.0
2024,-17.0,50.0,0.0
2024,-16.0,51.0,0.0
2024,15.0,51.0,0.0
2024,-17.0,51.0,0.0
2024,-15.0,51.0,0.0
2024,-14.0,52.0,0.0
2024,-13.0,52.0,0.0
2024,11.0,52.0,0.0
2024,12.0,52.0,0.0
2024,-12.0,52.0,0.0
2024,10.0,53.0,0.0
2024,9.0,53.0,0.0
2024,-6.0,53.0,0.0
2024,-9.0,53.0,0.0
2024,-7.0,53.0,0.0
2024,-5.0,53.0,0.0
2024,-0.0,53.0,0.0
2024,4.0,53.0,0.0
2024,-4.0,53.0,0.0
2024,-3.0,54.0,0.0
2024,-1.0,54.0,0.0
2024,0.0,54.0,0.0
2024,19.0,48.0,0.0
2024,-20.0,48.0,0.0
2024,19.0,49.0,0.0
2024,-17.0,49.0,0.0
2024,17.0,50.0,0.0
2024,-16.0,50.0,0.0
2024,-15.0,50.0,0.0
2024,-11.0,51.0,0.0
2024,-14.0,51.0,0.0
2024,14.0,51.0,0.0
2024,9.0,51.0,0.0
2024,6.0,52.0,0.0
2024,7.0,52.0,0.0
2024,-8.0,52.0,0.0
2024,0.0,52.0,0.0
2024,-1.0,52.0,0.0
2024,-1.0,53.0,0.0
2024,1.0,53.0,0.0
2024,-19.0,48.0,0.0
2024,-17.0,48.0,0.0
2024,-15.0,49.0,0.0
2024,-18.0,49.0,0.0
2024,16.0,49.0,0.0
2024,14.0,49.0,0.3333333333333333
2024,-14.0,50.0,0.0
2024,-11.0,50.0,0.0
2024,-12.0,50.0,0.0
2024,10.0,51.0,0.0
2024,-9.0,51.0,0.0
2024,-6.0,51.0,0.0
2024,8.0,51.0,0.0
2024,0.0,51.0,0.0
2024,7.0,51.0,0.0
2024,3.0,51.0,0.0
2024,-3.0,52.0,0.0
2024,1.0,52.0,0.0
2024,-21.0,46.0,0.0
2024,-20.0,46.0,0.0
2024,17.0,48.0,0.0
2024,-14.0,48.0,0.0
2024,15.0,48.0,0.0
2024,9.0,49.0,0.0
2024,10.0,50.0,0.0
2024,8.0,50.0,0.0
2024,9.0,50.0,0.0
2024,-4.0,50.0,0.25
2024,-7.0,51.0,0.0
2024,-2.0,51.0,0.0
2024,2.0,51.0,0.0
2024,20.0,45.0,0.0
2024,-19.0,45.0,0.0
2024,19.0,46.0,1.0
2024,-17.0,46.0,0.0
2024,16.0,47.0,0.0
2024,-14.0,47.0,0.0
2024,-15.0,48.0,1.0
2024,-12.0,48.0,0.0
2024,14.0,48.0,0.0
2024,-7.0,49.0,0.0
2024,-10.0,49.0,0.0
2024,1.0,49.0,0.0
2024,-0.0,49.0,0.0
2024,3.0,49.0,0.0
2024,0.0,50.0,0.0
2024,-1.0,50.0,0.0
2024,1.0,50.0,0.0
2024,21.0,43.0,0.0
2024,20.0,44.0,0.0
2024,-19.0,44.0,0.0
2024,19.0,44.0,0.0
2024,-20.0,44.0,0.0
2024,17.0,45.0,0.0
2024,16.0,45.0,0.0
2024,-16.0,46.0,0.0
2024,9.0,47.0,0.0
2024,-9.0,48.0,0.0
2024,-10.0,48.0,0.0
2024,-6.0,48.0,0.0
2024,-3.0,48.0,0.0
2024,8.0,48.0,0.0
2024,3.0,48.0,0.0
2024,0.0,48.0,0.0
2024,-7.0,48.0,0.0
2024,-1.0,49.0,0.0
2024,21.0,42.0,0.0
2024,-20.0,42.0,0.0
2024,20.0,43.0,0.0
2024,-18.0,43.0,0.0
2024,14.0,45.0,0.0
2024,-15.0,45.0,0.0
2024,11.0,46.0,0.0
2024,-10.0,46.0,0.0
2024,-4.0,47.0,0.0
2024,1.0,48.0,0.0
2024,5.0,48.0,0.0
2024,21.0,41.0,0.0
2024,20.0,42.0,0.0
2024,-4.0,46.0,1.0
2024,-6.0,46.0,0.0
2024,-1.0,46.0,0.0
2024,-1.0,47.0,0.0
2024,-0.0,47.0,0.0
2024,1.0,47.0,0.0
2024,-2.0,47.0,0.0
2024,20.0,41.0,0.0
2024,-18.0,41.0,0.0
2024,19.0,41.0,0.0
2024,-17.0,41.0,0.5
2024,17.0,42.0,0.0
2024,15.0,42.0,0.0
2024,-16.0,43.0,0.0
2024,14.0,43.0,0.0
2024,-15.0,43.0,0.0
2024,-14.0,43.0,0.0
2024,13.0,43.0,0.0
2024,14.0,44.0,0.0
2024,11.0,44.0,0.0
2024,-0.0,45.0,0.0
2024,0.0,46.0,0.3333333333333333
2024,3.0,46.0,0.0
2024,2.0,46.0,0.0
2024,22.0,38.0,0.0
2024,-20.0,39.0,0.5
2024,-19.0,40.0,0.0
2024,19.0,40.0,0.0
2024,16.0,41.0,0.0
2024,-15.0,42.0,0.5
2024,13.0,42.0,0.0
2024,-11.0,43.0,0.0
2024,-2.0,44.0,0.0
2024,2.0,44.0,0.0
2024,4.0,45.0,0.0
2024,-1.0,45.0,0.0
2024,2.0,45.0,0.0
2024,-2.0,45.0,0.0
2024,-22.0,36.0,0.0
2024,-22.0,37.0,0.0
2024,21.0,37.0,0.0
2024,20.0,38.0,0.0
2024,-20.0,38.0,0.0
2024,-19.0,39.0,0.0
2024,20.0,39.0,0.0
2024,19.0,39.0,0.0
2024,-17.0,39.0,0.5
2024,17.0,40.0,0.0
2024,16.0,40.0,0.0
2024,15.0,41.0,0.5
2024,-14.0,41.0,0.0
2024,14.0,41.0,0.0
2024,-12.0,42.0,0.0
2024,-11.0,42.0,0.0
2024,-9.0,43.0,0.0
2024,10.0,43.0,0.0
2024,-7.0,43.0,0.0
2024,7.0,43.0,0.0
2024,-3.0,43.0,0.0
2024,-1.0,43.0,0.0
2024,-0.0,44.0,0.0
2024,-7.0,44.0,0.0
2024,-4.0,44.0,0.0
2024,5.0,44.0,0.0
2024,20.0,37.0,0.0
2024,-19.0,37.0,1.0
2024,18.0,38.0,0.0
2024,17.0,38.0,0.0
2024,17.0,39.0,0.0
2024,-18.0,39.0,0.0
2024,15.0,40.0,0.0
2024,-13.0,40.0,0.0
2024,13.0,41.0,0.0
2024,-7.0,42.0,0.0
2024,9.0,42.0,0.0
2024,-9.0,42.0,0.0
2024,5.0,42.0,0.0
2024,6.0,42.0,0.0
2024,0.0,42.0,0.0
2024,-0.0,43.0,0.25
2024,-2.0,43.0,0.0
2024,-5.0,43.0,1.0
2024,2.0,43.0,0.0
2024,21.0,35.0,0.0
2024,-20.0,35.0,0.0
2024,-20.0,36.0,0.0
2024,-19.0,36.0,0.3333333333333333
2024,18.0,37.0,0.0
2024,-17.0,37.0,0.0
2024,17.0,37.0,0.6666666666666666
2024,15.0,38.0,0.0
2024,-15.0,38.0,0.0
2024,15.0,39.0,0.0
2024,-15.0,39.0,0.0
2024,-12.0,39.0,0.0
2024,-11.0,40.0,0.0
2024,13.0,40.0,1.0
2024,7.0,41.0,0.0
2024,9.0,41.0,0.0
2024,-3.0,41.0,0.0
2024,3.0,41.0,0.3333333333333333
2024,-4.0,42.0,0.0
2024,2.0,42.0,0.0
2024,-3.0,42.0,0.0
2024,21.0,34.0,0.0
2024,19.0,35.0,0.0
2024,20.0,35.0,0.0
2024,-18.0,36.0,0.2
2024,18.0,36.0,0.0
2024,-16.0,37.0,0.0
2024,16.0,37.0,0.3333333333333333
2024,15.0,37.0,0.0
2024,-14.0,38.0,0.0
2024,14.0,38.0,0.0
2024,-13.0,38.0,0.0
2024,-11.0,38.0,0.0
2024,13.0,38.0,1.0
2024,12.0,39.0,0.0
2024,11.0,39.0,0.5
2024,-9.0,39.0,0.0
2024,8.0,40.0,0.0
2024,-7.0,40.0,0.0
2024,6.0,40.0,0.0
2024,2.0,40.0,0.0
2024,1.0,40.0,0.3333333333333333
2024,-0.0,40.0,0.0
2024,4.0,41.0,0.0
2024,2.0,41.0,0.0
2024,-0.0,41.0,1.0
2024,1.0,41.0,0.0
2024,-1.0,41.0,0.0
2024,22.0,32.0,0.0
2024,-21.0,33.0,0.0
2024,21.0,33.0,0.0
2024,20.0,34.0,0.0
2024,-19.0,34.0,0.5
2024,18.0,34.0,0.0
2024,17.0,35.0,0.2857142857142857
2024,18.0,35.0,0.6666666666666666
2024,-17.0,35.0,0.0
2024,16.0,35.0,0.0
2024,-16.0,36.0,0.3333333333333333
2024,-15.0,36.0,1.0
2024,14.0,36.0,0.5
2024,16.0,36.0,0.5
2024,-13.0,37.0,0.0
2024,12.0,37.0,0.5
2024,13.0,37.0,0.0
2024,-10.0,38.0,0.0
2024,-12.0,38.0,0.0
2024,11.0,38.0,0.0
2024,10.0,38.0,0.0
2024,9.0,39.0,0.0
2024,6.0,39.0,0.3333333333333333
2024,-6.0,39.0,0.5
2024,-0.0,39.0,0.0
2024,3.0,39.0,0.0
2024,-7.0,39.0,0.0
2024,4.0,39.0,0.3333333333333333
2024,2.0,39.0,0.0
2024,-8.0,39.0,0.0
2024,3.0,40.0,0.0
2024,-4.0,40.0,0.0
2024,-6.0,40.0,0.0
2024,-2.0,40.0,0.0
2024,-1.0,40.0,0.0
2024,21.0,31.0,1.0
2024,-20.0,31.0,0.2857142857142857
2024,21.0,32.0,0.0
2024,-20.0,32.0,0.0
2024,20.0,32.0,0.0
2024,19.0,33.0,1.0
2024,20.0,33.0,0.0
2024,-18.0,33.0,0.0
2024,18.0,33.0,0.25
2024,-17.0,33.0,0.16666666666666666
2024,-19.0,33.0,0.0
2024,17.0,34.0,0.5
2024,-18.0,34.0,0.0
2024,-17.0,34.0,0.0
2024,-16.0,34.0,0.2857142857142857
2024,16.0,34.0,0.3333333333333333
2024,-16.0,35.0,0.6666666666666666
2024,-15.0,35.0,0.125
2024,15.0,35.0,0.3333333333333333
2024,14.0,35.0,0.25
2024,-14.0,35.0,0.0
2024,-14.0,36.0,0.25
2024,-13.0,36.0,0.0
2024,13.0,36.0,0.5
2024,-12.0,36.0,0.3333333333333333
2024,12.0,36.0,0.2
2024,11.0,37.0,0.0
2024,-12.0,37.0,0.0
2024,-10.0,37.0,1.0
2024,-9.0,37.0,0.25
2024,8.0,37.0,0.16666666666666666
2024,-11.0,37.0,0.0
2024,-8.0,37.0,0.0
2024,9.0,37.0,0.0
2024,7.0,38.0,0.25
2024,8.0,38.0,1.0
2024,-8.0,38.0,0.0
2024,-9.0,38.0,0.0
2024,6.0,38.0,0.6666666666666666
2024,-5.0,38.0,0.0
2024,-3.0,38.0,0.0
2024,-4.0,38.0,0.3333333333333333
2024,1.0,38.0,0.3333333333333333
2024,-7.0,38.0,0.0
2024,5.0,39.0,0.0
2024,-1.0,39.0,0.0
2024,-4.0,39.0,0.3333333333333333
2024,1.0,39.0,1.0
2024,-2.0,39.0,0.5
2024,21.0,30.0,0.25
2024,-21.0,30.0,0.2
2024,-20.0,30.0,0.0
2024,20.0,30.0,0.2
2024,20.0,31.0,0.0
2024,19.0,31.0,0.3
2024,-21.0,31.0,0.0
2024,-19.0,31.0,0.5
2024,18.0,31.0,0.2857142857142857
2024,-18.0,32.0,0.4444444444444444
2024,-19.0,32.0,0.0
2024,18.0,32.0,0.6
2024,19.0,32.0,0.0
2024,17.0,32.0,0.5
2024,17.0,33.0,0.6666666666666666
2024,-16.0,33.0,0.4
2024,16.0,33.0,0.125
2024,-15.0,34.0,0.25
2024,15.0,34.0,0.125
2024,-14.0,34.0,0.3333333333333333
2024,14.0,34.0,0.1
2024,-13.0,34.0,0.14285714285714285
2024,-13.0,35.0,0.5
2024,13.0,35.0,0.25
2024,-12.0,35.0,0.3333333333333333
2024,12.0,35.0,0.21428571428571427
2024,-11.0,35.0,0.6666666666666666
2024,-9.0,36.0,0.25
2024,-10.0,36.0,0.3333333333333333
2024,11.0,36.0,0.0
2024,9.0,36.0,0.5
2024,10.0,36.0,0.0
2024,-7.0,36.0,0.6666666666666666
2024,-7.0,37.0,0.0
2024,7.0,37.0,0.0
2024,-4.0,37.0,0.0
2024,4.0,37.0,0.0
2024,5.0,37.0,0.4
2024,1.0,37.0,0.2727272727272727
2024,3.0,37.0,0.0
2024,0.0,37.0,0.18181818181818182
2024,2.0,37.0,0.2
2024,-2.0,37.0,0.25
2024,-5.0,37.0,0.0
2024,6.0,37.0,0.6666666666666666
2024,-1.0,38.0,0.6666666666666666
2024,3.0,38.0,1.0
2024,-0.0,38.0,0.0
2024,4.0,38.0,1.0
2024,2.0,38.0,0.0
2024,21.0,28.0,0.5714285714285714
2024,-21.0,28.0,0.4
2024,21.0,29.0,1.0
2024,22.0,29.0,1.0
2024,20.0,29.0,0.4444444444444444
2024,-21.0,29.0,0.5
2024,-20.0,29.0,0.5
2024,19.0,30.0,0.16666666666666666
2024,-19.0,30.0,0.3333333333333333
2024,-18.0,31.0,0.0
2024,17.0,31.0,0.3888888888888889
2024,-17.0,31.0,0.15384615384615385
2024,-17.0,32.0,0.16666666666666666
2024,-16.0,32.0,0.25
2024,16.0,32.0,0.29411764705882354
2024,-15.0,32.0,0.3333333333333333
2024,15.0,32.0,0.22727272727272727
2024,15.0,33.0,0.6
2024,-15.0,33.0,0.4
2024,14.0,33.0,0.2857142857142857
2024,-14.0,33.0,0.11764705882352941
2024,-13.0,33.0,0.3333333333333333
2024,13.0,33.0,0.46153846153846156
2024,13.0,34.0,0.5
2024,12.0,34.0,0.2727272727272727
2024,-12.0,34.0,0.3076923076923077
2024,11.0,34.0,0.4166666666666667
2024,-11.0,34.0,0.2
2024,-10.0,35.0,0.25
2024,10.0,35.0,0.16666666666666666
2024,11.0,35.0,0.16666666666666666
2024,9.0,35.0,0.3333333333333333
2024,-9.0,35.0,0.2857142857142857
2024,8.0,35.0,0.2
2024,-8.0,35.0,0.45454545454545453
2024,-7.0,35.0,0.2
2024,-8.0,36.0,0.16666666666666666
2024,-6.0,36.0,0.6666666666666666
2024,8.0,36.0,0.0
2024,7.0,36.0,0.0
2024,6.0,36.0,0.6666666666666666
2024,5.0,36.0,0.0
2024,-4.0,36.0,0.2857142857142857
2024,3.0,36.0,0.0
2024,-3.0,36.0,0.1111111111111111
2024,-5.0,36.0,0.3333333333333333
2024,4.0,36.0,0.375
2024,2.0,36.0,0.3333333333333333
2024,1.0,36.0,0.0
2024,-0.0,36.0,0.25
2024,-1.0,36.0,0.6
2024,-2.0,36.0,0.0
2024,-6.0,37.0,0.0
2024,-1.0,37.0,0.3333333333333333
2024,-3.0,37.0,0.0
2024,-24.0,25.0,0.0
2024,23.0,25.0,1.0
2024,-22.0,26.0,0.5
2024,23.0,26.0,0.5
2024,22.0,26.0,0.6666666666666666
2024,-22.0,27.0,0.5
2024,21.0,27.0,0.25
2024,22.0,27.0,0.0
2024,-21.0,27.0,0.16666666666666666
2024,20.0,27.0,0.23529411764705882
2024,-20.0,27.0,0.18181818181818182
2024,20.0,28.0,0.2
2024,-20.0,28.0,0.4444444444444444
2024,19.0,28.0,0.10714285714285714
2024,19.0,29.0,0.5263157894736842
2024,-19.0,29.0,0.5
2024,-18.0,29.0,0.2692307692307692
2024,18.0,29.0,0.22580645161290322
2024,-18.0,30.0,0.4375
2024,18.0,30.0,0.1
2024,-17.0,30.0,0.5
2024,17.0,30.0,0.37037037037037035
2024,-16.0,30.0,0.37254901960784315
2024,16.0,30.0,0.3
2024,16.0,31.0,0.5
2024,-16.0,31.0,0.35
2024,15.0,31.0,0.3157894736842105
2024,-15.0,31.0,0.34210526315789475
2024,14.0,32.0,0.17391304347826086
2024,-14.0,32.0,0.4074074074074074
2024,-13.0,32.0,0.3103448275862069
2024,13.0,32.0,0.3333333333333333
2024,-12.0,33.0,0.24242424242424243
2024,12.0,33.0,0.36
2024,-11.0,33.0,0.07142857142857142
2024,11.0,33.0,0.3103448275862069
2024,10.0,33.0,0.3
2024,-10.0,33.0,0.4827586206896552
2024,-10.0,34.0,0.42105263157894735
2024,10.0,34.0,0.16666666666666666
2024,-9.0,34.0,0.2857142857142857
2024,9.0,34.0,0.42105263157894735
2024,8.0,34.0,0.26666666666666666
2024,-8.0,34.0,0.23529411764705882
2024,7.0,35.0,0.2
2024,6.0,35.0,0.07692307692307693
2024,-6.0,35.0,0.16666666666666666
2024,-5.0,35.0,0.5625
2024,-4.0,35.0,0.42857142857142855
2024,4.0,35.0,0.2777777777777778
2024,-3.0,35.0,0.16666666666666666
2024,5.0,35.0,0.3333333333333333
2024,-2.0,35.0,0.21739130434782608
2024,2.0,35.0,0.3055555555555556
2024,-1.0,35.0,0.35
2024,-0.0,35.0,0.30952380952380953
2024,3.0,35.0,0.375
2024,1.0,35.0,0.3103448275862069
2024,25.0,21.0,1.0
2024,-25.0,22.0,0.0
2024,24.0,23.0,1.0
2024,23.0,23.0,0.0
2024,-23.0,23.0,0.6666666666666666
2024,23.0,24.0,0.3333333333333333
2024,-23.0,24.0,0.0
2024,-22.0,24.0,0.14285714285714285
2024,22.0,24.0,0.25
2024,-22.0,25.0,1.0
2024,22.0,25.0,0.2857142857142857
2024,-21.0,25.0,0.29411764705882354
2024,21.0,25.0,0.5416666666666666
2024,-21.0,26.0,0.25
2024,21.0,26.0,0.5
2024,-20.0,26.0,0.36666666666666664
2024,20.0,26.0,0.38461538461538464
2024,19.0,27.0,0.3333333333333333
2024,-19.0,27.0,0.24324324324324326
2024,-19.0,28.0,0.6875
2024,-18.0,28.0,0.3055555555555556
2024,18.0,28.0,0.3333333333333333
2024,-17.0,28.0,0.2413793103448276
2024,17.0,28.0,0.3488372093023256
2024,17.0,29.0,0.2692307692307692
2024,-17.0,29.0,0.3142857142857143
2024,16.0,29.0,0.3153153153153153
2024,-16.0,29.0,0.34523809523809523
2024,-15.0,30.0,0.23529411764705882
2024,15.0,30.0,0.3287671232876712
2024,14.0,30.0,0.34532374100719426
2024,-14.0,30.0,0.30578512396694213
2024,14.0,31.0,0.390625
2024,-14.0,31.0,0.4375
2024,-13.0,31.0,0.34375
2024,13.0,31.0,0.3333333333333333
2024,12.0,31.0,0.32142857142857145
2024,-12.0,31.0,0.3684210526315789
2024,12.0,32.0,0.3877551020408163
2024,-12.0,32.0,0.3333333333333333
2024,11.0,32.0,0.27906976744186046
2024,-11.0,32.0,0.3333333333333333
2024,-10.0,32.0,0.3380281690140845
2024,10.0,32.0,0.42045454545454547
2024,9.0,33.0,0.40476190476190477
2024,-9.0,33.0,0.3055555555555556
2024,-8.0,33.0,0.29411764705882354
2024,8.0,33.0,0.42105263157894735
2024,7.0,33.0,0.3684210526315789
2024,-7.0,33.0,0.275
2024,-7.0,34.0,0.4
2024,7.0,34.0,0.3333333333333333
2024,6.0,34.0,0.24
2024,-6.0,34.0,0.13043478260869565
2024,-5.0,34.0,0.19047619047619047
2024,-4.0,34.0,0.375
2024,5.0,34.0,0.3333333333333333
2024,4.0,34.0,0.41935483870967744
2024,-3.0,34.0,0.4
2024,3.0,34.0,0.28125
2024,-1.0,34.0,0.26666666666666666
2024,-2.0,34.0,0.4166666666666667
2024,-0.0,34.0,0.27848101265822783
2024,1.0,34.0,0.3181818181818182
2024,2.0,34.0,0.3076923076923077
2024,-25.0,20.0,1.0
2024,-24.0,21.0,0.0
2024,24.0,21.0,0.0
2024,23.0,21.0,0.125
2024,-23.0,22.0,0.2857142857142857
2024,23.0,22.0,0.5
2024,-22.0,22.0,0.23684210526315788
2024,22.0,23.0,0.3125
2024,-22.0,23.0,0.42105263157894735
2024,-21.0,23.0,0.2727272727272727
2024,21.0,23.0,0.38461538461538464
2024,21.0,24.0,0.4074074074074074
2024,-21.0,24.0,0.375
2024,20.0,24.0,0.3511450381679389
2024,-20.0,24.0,0.3925233644859813
2024,20.0,25.0,0.4065934065934066
2024,-20.0,25.0,0.4520547945205479
2024,-19.0,26.0,0.39344262295081966
2024,19.0,26.0,0.4936708860759494
2024,18.0,26.0,0.3761904761904762
2024,-18.0,26.0,0.30597014925373134
2024,-18.0,27.0,0.38
2024,18.0,27.0,0.3805309734513274
2024,-17.0,27.0,0.3380281690140845
2024,17.0,27.0,0.37988826815642457
2024,16.0,28.0,0.3548387096774194
2024,-16.0,28.0,0.3493975903614458
2024,15.0,29.0,0.38125
2024,-15.0,29.0,0.43859649122807015
2024,14.0,29.0,0.3655913978494624
2024,-14.0,29.0,0.38839285714285715
2024,-13.0,30.0,0.43010752688172044
2024,13.0,30.0,0.3277310924369748
2024,-12.0,30.0,0.3832599118942731
2024,12.0,30.0,0.3275862068965517
2024,-11.0,31.0,0.3870967741935484
2024,11.0,31.0,0.30392156862745096
2024,10.0,31.0,0.2582781456953642
2024,-10.0,31.0,0.38202247191011235
2024,9.0,32.0,0.4155844155844156
2024,-9.0,32.0,0.4153846153846154
2024,8.0,32.0,0.30952380952380953
2024,-8.0,32.0,0.37349397590361444
2024,-7.0,32.0,0.34234234234234234
2024,7.0,32.0,0.3523809523809524
2024,6.0,33.0,0.23809523809523808
2024,-6.0,33.0,0.2641509433962264
2024,-5.0,33.0,0.225
2024,5.0,33.0,0.47058823529411764
2024,-4.0,33.0,0.358974358974359
2024,4.0,33.0,0.35294117647058826
2024,3.0,33.0,0.3523809523809524
2024,2.0,33.0,0.3582089552238806
2024,-3.0,33.0,0.36363636363636365
2024,-2.0,33.0,0.32
2024,-0.0,33.0,0.30538922155688625
2024,-1.0,33.0,0.3176470588235294
2024,1.0,33.0,0.4491525423728814
2024,-25.0,16.0,0.0
2024,25.0,17.0,1.0
2024,-25.0,17.0,1.0
2024,24.0,17.0,0.41379310344827586
2024,-24.0,17.0,0.25
2024,24.0,18.0,0.5555555555555556
2024,-24.0,18.0,0.5
2024,-24.0,19.0,0.4
2024,24.0,19.0,0.375
2024,-23.0,19.0,0.37142857142857144
2024,23.0,19.0,0.43478260869565216
2024,24.0,20.0,0.5
2024,23.0,20.0,0.3103448275862069
2024,-23.0,20.0,0.34615384615384615
2024,-22.0,20.0,0.3949579831932773
2024,22.0,20.0,0.3223684210526316
2024,-22.0,21.0,0.2878787878787879
2024,-23.0,21.0,0.5
2024,22.0,21.0,0.39285714285714285
2024,22.0,22.0,0.34375
2024,21.0,22.0,0.3656716417910448
2024,-21.0,22.0,0.358974358974359
2024,-20.0,23.0,0.3917525773195876
2024,20.0,23.0,0.33962264150943394
2024,19.0,24.0,0.33876221498371334
2024,-19.0,24.0,0.32338308457711445
2024,-19.0,25.0,0.40707964601769914
2024,19.0,25.0,0.33974358974358976
2024,-18.0,25.0,0.40186915887850466
2024,18.0,25.0,0.37362637362637363
2024,17.0,26.0,0.3345070422535211
2024,-17.0,26.0,0.34649122807017546
2024,16.0,27.0,0.37
2024,-16.0,27.0,0.34705882352941175
2024,-15.0,27.0,0.3248031496062992
2024,15.0,27.0,0.3093812375249501
2024,-15.0,28.0,0.3548387096774194
2024,15.0,28.0,0.3492063492063492
2024,14.0,28.0,0.4186046511627907
2024,-14.0,28.0,0.3463203463203463
2024,-13.0,29.0,0.30196078431372547
2024,13.0,29.0,0.3972602739726027
2024,12.0,29.0,0.41304347826086957
2024,-12.0,29.0,0.3492723492723493
2024,11.0,30.0,0.3463414634146341
2024,-11.0,30.0,0.2994350282485876
2024,10.0,30.0,0.3612040133779264
2024,-10.0,30.0,0.38263665594855306
2024,-9.0,31.0,0.33490566037735847
2024,9.0,31.0,0.37566137566137564
2024,-8.0,31.0,0.3780487804878049
2024,8.0,31.0,0.3175355450236967
2024,7.0,31.0,0.42358078602620086
2024,-7.0,31.0,0.3261802575107296
2024,6.0,32.0,0.36879432624113473
2024,-6.0,32.0,0.3644067796610169
2024,-5.0,32.0,0.36231884057971014
2024,5.0,32.0,0.3125
2024,4.0,32.0,0.3688888888888889
2024,-4.0,32.0,0.3192771084337349
2024,3.0,32.0,0.34615384615384615
2024,-3.0,32.0,0.3172043010752688
2024,-2.0,32.0,0.336996336996337
2024,2.0,32.0,0.3378839590443686
2024,0.0,32.0,0.40691489361702127
2024,1.0,32.0,0.3395348837209302
2024,-1.0,32.0,0.29493087557603687
2024,-25.0,14.0,0.0
2024,24.0,14.0,0.30952380952380953
2024,-24.0,15.0,0.32653061224489793
2024,24.0,15.0,0.42857142857142855
2024,-25.0,15.0,0.5
2024,-24.0,16.0,0.3076923076923077
2024,24.0,16.0,0.39285714285714285
2024,23.0,17.0,0.3576158940397351
2024,-23.0,17.0,0.3287671232876712
2024,-23.0,18.0,0.3188405797101449
2024,23.0,18.0,0.3956043956043956
2024,-22.0,18.0,0.36885245901639346
2024,22.0,18.0,0.35471698113207545
2024,22.0,19.0,0.28991596638655465
2024,-22.0,19.0,0.36363636363636365
2024,-21.0,20.0,0.357429718875502
2024,21.0,20.0,0.3510971786833856
2024,-21.0,21.0,0.34615384615384615
2024,21.0,21.0,0.30434782608695654
2024,20.0,21.0,0.34759358288770054
2024,-20.0,21.0,0.3753943217665615
2024,20.0,22.0,0.39349112426035504
2024,-20.0,22.0,0.3649122807017544
2024,19.0,23.0,0.3359580052493438
2024,-19.0,23.0,0.3531468531468531
2024,18.0,24.0,0.3803339517625232
2024,-18.0,24.0,0.3613861386138614
2024,-17.0,25.0,0.4049382716049383
2024,17.0,25.0,0.35135135135135137
2024,-16.0,25.0,0.37763371150729336
2024,16.0,25.0,0.3651315789473684
2024,-16.0,26.0,0.3688212927756654
2024,16.0,26.0,0.3716216216216216
2024,15.0,26.0,0.3793103448275862
2024,-15.0,26.0,0.3532710280373832
2024,14.0,27.0,0.3648068669527897
2024,-14.0,27.0,0.37305699481865284
2024,-13.0,28.0,0.41920374707259955
2024,13.0,28.0,0.36893203883495146
2024,-12.0,28.0,0.35658914728682173
2024,12.0,28.0,0.32967032967032966
2024,11.0,29.0,0.35555555555555557
2024,-11.0,29.0,0.38072289156626504
2024,-10.0,29.0,0.37623762376237624
2024,10.0,29.0,0.3384279475982533
2024,9.0,30.0,0.3502994011976048
2024,-9.0,30.0,0.3333333333333333
2024,8.0,30.0,0.35502958579881655
2024,-8.0,30.0,0.37922077922077924
2024,-7.0,30.0,0.3605015673981191
2024,7.0,30.0,0.38022813688212925
2024,6.0,30.0,0.34962406015037595
2024,-6.0,30.0,0.3774193548387097
2024,6.0,31.0,0.3508771929824561
2024,-6.0,31.0,0.37630662020905925
2024,5.0,31.0,0.34959349593495936
2024,-5.0,31.0,0.3781818181818182
2024,4.0,31.0,0.3575949367088608
2024,-4.0,31.0,0.4144144144144144
2024,3.0,31.0,0.348993288590604
2024,-3.0,31.0,0.39862542955326463
2024,2.0,31.0,0.3621495327102804
2024,-2.0,31.0,0.336734693877551
2024,0.0,31.0,0.3476027397260274
2024,-1.0,31.0,0.3475409836065574
2024,1.0,31.0,0.4117647058823529
2024,25.0,4.0,0.3
2024,25.0,5.0,0.2
2024,-25.0,6.0,0.0
2024,25.0,6.0,0.2727272727272727
2024,-25.0,7.0,0.4166666666666667
2024,25.0,8.0,0.1111111111111111
2024,-25.0,8.0,0.2222222222222222
2024,25.0,9.0,0.14285714285714285
2024,-25.0,9.0,0.23076923076923078
2024,-25.0,10.0,0.14285714285714285
2024,25.0,10.0,0.5
2024,-24.0,10.0,0.37948717948717947
2024,25.0,11.0,0.25
2024,24.0,11.0,0.47580645161290325
2024,-24.0,11.0,0.4405594405594406
2024,-25.0,11.0,0.0
2024,-24.0,12.0,0.371900826446281
2024,25.0,12.0,0.0
2024,-25.0,12.0,0.3333333333333333
2024,24.0,12.0,0.3522727272727273
2024,24.0,13.0,0.33766233766233766
2024,-24.0,13.0,0.3523809523809524
2024,-25.0,13.0,0.0
2024,-24.0,14.0,0.29850746268656714
2024,23.0,14.0,0.37142857142857144
2024,-23.0,14.0,0.42081447963800905
2024,-23.0,15.0,0.32142857142857145
2024,23.0,15.0,0.3953488372093023
2024,-23.0,16.0,0.41843971631205673
2024,23.0,16.0,0.3057324840764331
2024,-22.0,16.0,0.3551912568306011
2024,22.0,16.0,0.40625
2024,22.0,17.0,0.3360655737704918
2024,-22.0,17.0,0.36721311475409835
2024,21.0,18.0,0.41509433962264153
2024,-21.0,18.0,0.3858695652173913
2024,-21.0,19.0,0.3645833333333333
2024,21.0,19.0,0.34415584415584416
2024,-20.0,20.0,0.4393305439330544
2024,20.0,20.0,0.3671875
2024,-19.0,21.0,0.37755102040816324
2024,19.0,21.0,0.36893203883495146
2024,-19.0,22.0,0.375
2024,19.0,22.0,0.3732590529247911
2024,18.0,22.0,0.4419642857142857
2024,-18.0,22.0,0.3010204081632653
2024,-18.0,23.0,0.40404040404040403
2024,18.0,23.0,0.33112582781456956
2024,17.0,23.0,0.37423312883435583
2024,-17.0,23.0,0.37575757575757573
2024,17.0,24.0,0.36281179138321995
2024,-17.0,24.0,0.33972602739726027
2024,-16.0,24.0,0.39285714285714285
2024,16.0,24.0,0.3763837638376384
2024,15.0,25.0,0.30743243243243246
2024,-15.0,25.0,0.30970149253731344
2024,14.0,26.0,0.34791666666666665
2024,-14.0,26.0,0.36942675159235666
2024,-13.0,26.0,0.41935483870967744
2024,13.0,26.0,0.4411764705882353
2024,-13.0,27.0,0.37343358395989973
2024,13.0,27.0,0.3808353808353808
2024,12.0,27.0,0.37662337662337664
2024,-12.0,27.0,0.3492957746478873
2024,11.0,28.0,0.3851132686084142
2024,-11.0,28.0,0.35877862595419846
2024,-10.0,28.0,0.39590443686006827
2024,10.0,28.0,0.37898089171974525
2024,-9.0,28.0,0.3333333333333333
2024,9.0,28.0,0.34814814814814815
2024,-9.0,29.0,0.35526315789473684
2024,9.0,29.0,0.38726790450928383
2024,8.0,29.0,0.3591549295774648
2024,-8.0,29.0,0.37722419928825623
2024,-7.0,29.0,0.4015151515151515
2024,7.0,29.0,0.3764705882352941
2024,6.0,29.0,0.3125
2024,-6.0,29.0,0.43209876543209874
2024,-5.0,30.0,0.39461883408071746
2024,5.0,30.0,0.375
2024,-4.0,30.0,0.3925925925925926
2024,4.0,30.0,0.4025423728813559
2024,-3.0,30.0,0.3488372093023256
2024,3.0,30.0,0.3670886075949367
2024,2.0,30.0,0.32142857142857145
2024,-2.0,30.0,0.39737991266375544
2024,-1.0,30.0,0.37714285714285717
2024,0.0,30.0,0.39920948616600793
2024,1.0,30.0,0.3972602739726027
2024,-24.0,2.0,0.5555555555555556
2024,24.0,2.0,0.5555555555555556
2024,25.0,2.0,0.0
2024,-24.0,3.0,0.5517241379310345
2024,24.0,3.0,0.44554455445544555
2024,25.0,3.0,0.25
2024,-25.0,3.0,0.0
2024,24.0,4.0,0.42105263157894735
2024,-24.0,4.0,0.44
2024,-25.0,4.0,0.0
2024,24.0,5.0,0.41435185185185186
2024,-24.0,5.0,0.47410358565737054
2024,-25.0,5.0,0.75
2024,-24.0,6.0,0.42696629213483145
2024,24.0,6.0,0.376940133037694
2024,24.0,7.0,0.4088669950738916
2024,-24.0,7.0,0.3797814207650273
2024,25.0,7.0,0.0
2024,-24.0,8.0,0.4013377926421405
2024,24.0,8.0,0.36363636363636365
2024,24.0,9.0,0.37988826815642457
2024,-24.0,9.0,0.3915094339622642
2024,24.0,10.0,0.3422818791946309
2024,23.0,11.0,0.39628482972136225
2024,-23.0,11.0,0.37813211845102507
2024,-23.0,12.0,0.3958333333333333
2024,23.0,12.0,0.4067796610169492
2024,-23.0,13.0,0.33797909407665505
2024,23.0,13.0,0.3640552995391705
2024,22.0,14.0,0.2698412698412698
2024,-22.0,14.0,0.5072463768115942
2024,-22.0,15.0,0.41904761904761906
2024,22.0,15.0,0.3333333333333333
2024,-21.0,16.0,0.5
2024,21.0,16.0,0.38461538461538464
2024,-21.0,17.0,0.375
2024,21.0,17.0,0.40229885057471265
2024,20.0,18.0,0.5652173913043478
2024,-20.0,18.0,0.5384615384615384
2024,-20.0,19.0,0.4166666666666667
2024,20.0,19.0,0.44954128440366975
2024,19.0,19.0,0.5555555555555556
2024,-19.0,20.0,0.35
2024,19.0,20.0,0.36666666666666664
2024,18.0,21.0,0.4090909090909091
2024,-18.0,21.0,0.36363636363636365
2024,-17.0,22.0,0.14285714285714285
2024,17.0,22.0,0.23076923076923078
2024,-16.0,23.0,0.375
2024,16.0,23.0,0.32142857142857145
2024,15.0,24.0,0.41818181818181815
2024,-15.0,24.0,0.38461538461538464
2024,14.0,24.0,0.0
2024,14.0,25.0,0.32142857142857145
2024,-14.0,25.0,0.4027777777777778
2024,13.0,25.0,0.4444444444444444
2024,-13.0,25.0,0.2857142857142857
2024,12.0,26.0,0.23809523809523808
2024,-12.0,26.0,0.30434782608695654
2024,11.0,27.0,0.4056603773584906
2024,-11.0,27.0,0.3974358974358974
2024,10.0,27.0,0.40384615384615385
2024,-10.0,27.0,0.3181818181818182
2024,9.0,27.0,0.75
2024,8.0,28.0,0.4222222222222222
2024,-8.0,28.0,0.25
2024,7.0,28.0,0.0
2024,-7.0,28.0,0.09090909090909091
2024,-6.0,28.0,0.5
2024,6.0,28.0,0.3333333333333333
2024,5.0,29.0,0.3409090909090909
2024,-5.0,29.0,0.4375
2024,4.0,29.0,0.42857142857142855
2024,-2.0,29.0,0.4444444444444444
2024,-4.0,29.0,0.43333333333333335
2024,2.0,29.0,0.4117647058823529
2024,-1.0,29.0,0.4
2024,-0.0,29.0,0.375
2024,3.0,29.0,0.13333333333333333
2024,1.0,29.0,0.5454545454545454
2024,-3.0,29.0,0.29411764705882354
2024,24.0,0.0,1.0
2024,24.0,1.0,0.5
2024,-25.0,2.0,1.0
2024,23.0,1.0,0.45454545454545453
2024,23.0,2.0,0.39
2024,-23.0,2.0,0.3125
2024,-23.0,3.0,0.3923076923076923
2024,23.0,3.0,0.37109375
2024,23.0,4.0,0.4043927648578811
2024,-23.0,4.0,0.3897216274089936
2024,23.0,5.0,0.3739763421292084
2024,-23.0,5.0,0.4117647058823529
2024,-23.0,6.0,0.3948155533399801
2024,23.0,6.0,0.42034203420342037
2024,-23.0,7.0,0.4060860440713536
2024,23.0,7.0,0.37728585178055823
2024,23.0,8.0,0.4046961325966851
2024,-23.0,8.0,0.4025974025974026
2024,23.0,9.0,0.398876404494382
2024,-23.0,9.0,0.38267148014440433
2024,-23.0,10.0,0.3678861788617886
2024,23.0,10.0,0.34299516908212563
2024,-22.0,10.0,0.32231404958677684
2024,22.0,10.0,0.3368421052631579
2024,22.0,11.0,0.38095238095238093
2024,-22.0,11.0,0.44329896907216493
2024,-22.0,12.0,0.36792452830188677
2024,22.0,12.0,0.29850746268656714
2024,-22.0,13.0,0.33766233766233766
2024,22.0,13.0,0.3582089552238806
2024,21.0,15.0,0.75
2024,-21.0,15.0,0.6666666666666666
2024,-20.0,17.0,0.3333333333333333
2024,20.0,17.0,0.0
2024,-19.0,18.0,0.0
2024,19.0,18.0,0.2222222222222222
2024,-19.0,19.0,0.3333333333333333
2024,18.0,19.0,0.5
2024,-18.0,20.0,0.0
2024,18.0,20.0,0.1111111111111111
2024,17.0,21.0,0.5
2024,-17.0,21.0,0.3333333333333333
2024,16.0,22.0,0.36363636363636365
2024,-16.0,22.0,0.5
2024,-15.0,23.0,0.4
2024,15.0,23.0,0.5
2024,-14.0,24.0,0.2857142857142857
2024,13.0,24.0,1.0
2024,-13.0,24.0,0.18181818181818182
2024,12.0,25.0,0.16666666666666666
2024,-12.0,25.0,0.6153846153846154
2024,-11.0,25.0,0.4166666666666667
2024,11.0,25.0,0.625
2024,-11.0,26.0,0.16666666666666666
2024,11.0,26.0,0.3333333333333333
2024,-10.0,26.0,0.5
2024,10.0,26.0,0.2222222222222222
2024,9.0,26.0,0.25
2024,-9.0,27.0,0.6
2024,8.0,27.0,0.3333333333333333
2024,-8.0,27.0,0.4444444444444444
2024,-7.0,27.0,0.375
2024,-6.0,27.0,0.14285714285714285
2024,7.0,27.0,0.3333333333333333
2024,5.0,28.0,0.6666666666666666
2024,-4.0,28.0,0.3333333333333333
2024,-5.0,28.0,0.2
2024,2.0,28.0,0.1
2024,-2.0,28.0,0.5714285714285714
2024,-3.0,28.0,0.4
2024,3.0,28.0,0.14285714285714285
2024,1.0,28.0,0.4444444444444444
2024,-0.0,28.0,0.45454545454545453
2024,4.0,28.0,0.3333333333333333
2024,-1.0,28.0,0.3
2024,-24.0,0.0,1.0
2024,-23.0,1.0,0.5
2024,-22.0,1.0,0.5
2024,22.0,1.0,0.3333333333333333
2024,22.0,2.0,0.3448275862068966
2024,-22.0,2.0,0.14285714285714285
2024,-22.0,3.0,0.38
2024,22.0,3.0,0.35802469135802467
2024,22.0,4.0,0.4166666666666667
2024,-22.0,4.0,0.4797297297297297
2024,22.0,5.0,0.34491315136476425
2024,-22.0,5.0,0.3352941176470588
2024,22.0,6.0,0.3979933110367893
2024,-22.0,6.0,0.39464882943143814
2024,-22.0,7.0,0.3723404255319149
2024,22.0,7.0,0.3333333333333333
2024,22.0,8.0,0.40425531914893614
2024,-22.0,8.0,0.43414634146341463
2024,-22.0,9.0,0.34868421052631576
2024,22.0,9.0,0.3826086956521739
2024,-21.0,10.0,0.375
2024,21.0,11.0,0.6666666666666666
2024,21.0,12.0,0.2
2024,-21.0,13.0,0.0
2024,21.0,13.0,0.3333333333333333
2024,21.0,14.0,0.8
2024,20.0,14.0,0.6363636363636364
2024,-21.0,14.0,0.5
2024,-20.0,14.0,0.3333333333333333
2024,-20.0,15.0,0.625
2024,20.0,15.0,0.2727272727272727
2024,-20.0,16.0,1.0
2024,20.0,16.0,0.3333333333333333
2024,-19.0,16.0,0.2857142857142857
2024,19.0,16.0,0.4
2024,19.0,17.0,0.0
2024,-19.0,17.0,0.25
2024,18.0,18.0,0.5555555555555556
2024,-18.0,18.0,0.5
2024,-18.0,19.0,0.5714285714285714
2024,17.0,19.0,0.14285714285714285
2024,-17.0,19.0,0.0
2024,17.0,20.0,0.4666666666666667
2024,-17.0,20.0,0.25
2024,-16.0,20.0,0.5454545454545454
2024,16.0,20.0,0.3125
2024,16.0,21.0,0.3333333333333333
2024,-16.0,21.0,0.3333333333333333
2024,15.0,21.0,0.14285714285714285
2024,-15.0,21.0,0.35294117647058826
2024,15.0,22.0,0.26666666666666666
2024,-15.0,22.0,0.42857142857142855
2024,-14.0,22.0,0.2857142857142857
2024,14.0,22.0,0.375
2024,-14.0,23.0,0.42857142857142855
2024,14.0,23.0,0.26666666666666666
2024,13.0,23.0,0.5333333333333333
2024,-13.0,23.0,0.2857142857142857
2024,12.0,23.0,0.3333333333333333
2024,-12.0,23.0,0.3870967741935484
2024,-12.0,24.0,0.3333333333333333
2024,12.0,24.0,0.4117647058823529
2024,11.0,24.0,0.6666666666666666
2024,-11.0,24.0,0.375
2024,-10.0,25.0,0.2857142857142857
2024,10.0,25.0,0.47368421052631576
2024,-9.0,25.0,0.3333333333333333
2024,9.0,25.0,0.35714285714285715
2024,-9.0,26.0,0.6363636363636364
2024,-8.0,26.0,0.21428571428571427
2024,8.0,26.0,0.3
2024,-7.0,26.0,0.3333333333333333
2024,7.0,26.0,0.2222222222222222
2024,-6.0,26.0,0.4444444444444444
2024,6.0,27.0,0.2857142857142857
2024,5.0,27.0,0.2727272727272727
2024,-5.0,27.0,0.625
2024,-4.0,27.0,0.3333333333333333
2024,4.0,27.0,0.5454545454545454
2024,-3.0,27.0,0.3333333333333333
2024,3.0,27.0,0.2222222222222222
2024,1.0,27.0,0.2727272727272727
2024,2.0,27.0,0.21428571428571427
2024,0.0,27.0,0.375
2024,-1.0,27.0,0.5294117647058824
2024,-2.0,27.0,0.2857142857142857
2024,21.0,2.0,0.5
2024,21.0,3.0,0.6666666666666666
2024,-21.0,4.0,0.14285714285714285
2024,21.0,4.0,0.5
2024,21.0,5.0,0.7142857142857143
2024,-21.0,5.0,0.6
2024,21.0,6.0,0.45
2024,-21.0,6.0,0.6363636363636364
2024,21.0,7.0,0.4
2024,-21.0,7.0,0.5714285714285714
2024,-21.0,8.0,0.4
2024,21.0,8.0,0.3333333333333333
2024,-21.0,9.0,0.6
2024,21.0,9.0,0.375
2024,21.0,10.0,0.5
2024,-21.0,11.0,0.3333333333333333
2024,-20.0,11.0,0.3
2024,20.0,11.0,0.45454545454545453
2024,20.0,12.0,0.45454545454545453
2024,-20.0,12.0,0.2
2024,-20.0,13.0,0.4
2024,20.0,13.0,0.46153846153846156
2024,19.0,14.0,0.3333333333333333
2024,-19.0,14.0,0.25
2024,19.0,15.0,0.375
2024,-19.0,15.0,0.2222222222222222
2024,18.0,15.0,0.5
2024,-18.0,16.0,0.3333333333333333
2024,18.0,16.0,0.3333333333333333
2024,18.0,17.0,0.3076923076923077
2024,-18.0,17.0,0.4444444444444444
2024,-17.0,17.0,0.4
2024,17.0,17.0,0.46153846153846156
2024,17.0,18.0,0.5555555555555556
2024,-17.0,18.0,0.3333333333333333
2024,16.0,18.0,0.5
2024,16.0,19.0,0.47058823529411764
2024,-16.0,19.0,0.38095238095238093
2024,-15.0,20.0,0.5
2024,15.0,20.0,0.5
2024,-14.0,21.0,0.3125
2024,14.0,21.0,0.4090909090909091
2024,13.0,21.0,0.3
2024,-13.0,21.0,0.4444444444444444
2024,-13.0,22.0,0.3125
2024,13.0,22.0,0.38095238095238093
2024,-12.0,22.0,0.3181818181818182
2024,12.0,22.0,0.45161290322580644
2024,11.0,23.0,0.47619047619047616
2024,-11.0,23.0,0.3076923076923077
2024,-10.0,24.0,0.5238095238095238
2024,10.0,24.0,0.36666666666666664
2024,9.0,24.0,0.23076923076923078
2024,-9.0,24.0,0.5428571428571428
2024,8.0,25.0,0.23809523809523808
2024,-8.0,25.0,0.23529411764705882
2024,-7.0,25.0,0.38095238095238093
2024,7.0,25.0,0.25
2024,-6.0,25.0,0.36666666666666664
2024,-5.0,26.0,0.35294117647058826
2024,6.0,26.0,0.3333333333333333
2024,5.0,26.0,0.5555555555555556
2024,4.0,26.0,0.26666666666666666
2024,-4.0,26.0,0.391304347826087
2024,-3.0,26.0,0.5
2024,2.0,26.0,0.5
2024,-2.0,26.0,0.30434782608695654
2024,1.0,26.0,0.5
2024,0.0,26.0,0.35
2024,-1.0,26.0,0.4782608695652174
2024,3.0,26.0,0.3125
2024,20.0,2.0,0.0
2024,20.0,3.0,0.6666666666666666
2024,-20.0,3.0,0.16666666666666666
2024,-20.0,4.0,0.25
2024,20.0,4.0,0.375
2024,20.0,5.0,0.4
2024,-20.0,5.0,0.2631578947368421
2024,20.0,6.0,0.5238095238095238
2024,-20.0,6.0,0.5263157894736842
2024,20.0,7.0,0.47619047619047616
2024,-20.0,7.0,0.3684210526315789
2024,20.0,8.0,0.3157894736842105
2024,-20.0,8.0,0.2857142857142857
2024,20.0,9.0,0.4444444444444444
2024,-20.0,9.0,0.5384615384615384
2024,-20.0,10.0,0.25
2024,20.0,10.0,0.15384615384615385
2024,19.0,11.0,0.5
2024,-19.0,11.0,0.4
2024,-19.0,12.0,0.2857142857142857
2024,19.0,12.0,0.0
2024,19.0,13.0,0.6
2024,-19.0,13.0,0.14285714285714285
2024,-18.0,13.0,0.3333333333333333
2024,18.0,13.0,0.5714285714285714
2024,-18.0,14.0,0.5714285714285714
2024,18.0,14.0,0.36363636363636365
2024,-18.0,15.0,0.4
2024,-17.0,15.0,0.2
2024,17.0,16.0,0.36363636363636365
2024,-17.0,16.0,0.7777777777777778
2024,16.0,17.0,0.44
2024,-16.0,17.0,0.34782608695652173
2024,-16.0,18.0,0.3181818181818182
2024,-15.0,18.0,0.42857142857142855
2024,15.0,18.0,0.4444444444444444
2024,15.0,19.0,0.23529411764705882
2024,-15.0,19.0,0.5416666666666666
2024,-14.0,19.0,0.25
2024,14.0,19.0,0.425531914893617
2024,-14.0,20.0,0.42424242424242425
2024,14.0,20.0,0.48148148148148145
2024,-13.0,20.0,0.42857142857142855
2024,13.0,20.0,0.4473684210526316
2024,-12.0,21.0,0.43283582089552236
2024,12.0,21.0,0.2826086956521739
2024,11.0,22.0,0.4594594594594595
2024,-11.0,22.0,0.36363636363636365
2024,-10.0,22.0,0.3684210526315789
2024,10.0,22.0,0.45614035087719296
2024,-10.0,23.0,0.37142857142857144
2024,10.0,23.0,0.4838709677419355
2024,9.0,23.0,0.35555555555555557
2024,-9.0,23.0,0.34210526315789475
2024,8.0,24.0,0.4
2024,-8.0,24.0,0.28125
2024,7.0,24.0,0.25
2024,-7.0,24.0,0.43333333333333335
2024,6.0,24.0,0.32432432432432434
2024,-6.0,24.0,0.47619047619047616
2024,6.0,25.0,0.5789473684210527
2024,-5.0,25.0,0.5555555555555556
2024,5.0,25.0,0.3333333333333333
2024,4.0,25.0,0.5151515151515151
2024,-4.0,25.0,0.5151515151515151
2024,3.0,25.0,0.5
2024,-2.0,25.0,0.5714285714285714
2024,2.0,25.0,0.37777777777777777
2024,-3.0,25.0,0.2916666666666667
2024,-1.0,25.0,0.4166666666666667
2024,1.0,25.0,0.5
2024,-0.0,25.0,0.410958904109589
2024,19.0,2.0,0.5
2024,19.0,3.0,1.0
2024,-19.0,3.0,0.6666666666666666
2024,19.0,4.0,0.4
2024,19.0,5.0,0.23076923076923078
2024,-19.0,5.0,0.36363636363636365
2024,-19.0,6.0,0.5714285714285714
2024,19.0,6.0,0.42857142857142855
2024,-19.0,7.0,0.3125
2024,19.0,7.0,0.3125
2024,-19.0,8.0,0.5
2024,19.0,8.0,0.5
2024,19.0,9.0,0.4444444444444444
2024,-19.0,9.0,0.3333333333333333
2024,-19.0,10.0,0.3333333333333333
2024,-18.0,10.0,0.42857142857142855
2024,19.0,10.0,0.4
2024,18.0,10.0,0.25
2024,18.0,11.0,0.2857142857142857
2024,-18.0,11.0,0.8333333333333334
2024,18.0,12.0,0.4375
2024,-18.0,12.0,0.14285714285714285
2024,17.0,13.0,0.2222222222222222
2024,-17.0,13.0,0.6363636363636364
2024,17.0,14.0,0.36363636363636365
2024,-17.0,14.0,0.4
2024,17.0,15.0,0.3333333333333333
2024,16.0,15.0,0.18181818181818182
2024,-16.0,16.0,0.42857142857142855
2024,16.0,16.0,0.5454545454545454
2024,15.0,17.0,0.5862068965517241
2024,-15.0,17.0,0.5294117647058824
2024,-14.0,18.0,0.2653061224489796
2024,14.0,18.0,0.6
2024,13.0,19.0,0.43333333333333335
2024,-13.0,19.0,0.375
2024,12.0,20.0,0.3287671232876712
2024,-12.0,20.0,0.4057971014492754
2024,-11.0,20.0,0.4153846153846154
2024,11.0,21.0,0.3409090909090909
2024,-11.0,21.0,0.39215686274509803
2024,-10.0,21.0,0.36065573770491804
2024,10.0,21.0,0.4727272727272727
2024,-9.0,22.0,0.3382352941176471
2024,9.0,22.0,0.4406779661016949
2024,8.0,22.0,0.5098039215686274
2024,-8.0,22.0,0.34328358208955223
2024,-8.0,23.0,0.4897959183673469
2024,8.0,23.0,0.5111111111111111
2024,7.0,23.0,0.37142857142857144
2024,-7.0,23.0,0.3888888888888889
2024,-6.0,23.0,0.37777777777777777
2024,6.0,23.0,0.3125
2024,-5.0,24.0,0.36363636363636365
2024,5.0,24.0,0.42857142857142855
2024,-4.0,24.0,0.43478260869565216
2024,4.0,24.0,0.4
2024,-3.0,24.0,0.5
2024,3.0,24.0,0.55
2024,2.0,24.0,0.5102040816326531
2024,-2.0,24.0,0.4745762711864407
2024,-0.0,24.0,0.4936708860759494
2024,1.0,24.0,0.4318181818181818
2024,-1.0,24.0,0.375
2024,18.0,2.0,0.5
2024,-18.0,3.0,0.5
2024,18.0,4.0,0.45454545454545453
2024,-18.0,4.0,0.36363636363636365
2024,-19.0,4.0,0.5
2024,18.0,5.0,0.8181818181818182
2024,-18.0,5.0,0.375
2024,18.0,6.0,0.36
2024,-18.0,6.0,0.48148148148148145
2024,-18.0,7.0,0.21739130434782608
2024,18.0,7.0,0.42857142857142855
2024,18.0,8.0,0.5
2024,-18.0,8.0,0.1875
2024,18.0,9.0,0.3333333333333333
2024,-18.0,9.0,0.5263157894736842
2024,17.0,10.0,0.2
2024,17.0,11.0,0.5294117647058824
2024,-17.0,11.0,0.3333333333333333
2024,-17.0,12.0,0.45
2024,17.0,12.0,0.5
2024,-16.0,13.0,0.3181818181818182
2024,16.0,13.0,0.47058823529411764
2024,-16.0,14.0,0.5263157894736842
2024,16.0,14.0,0.4
2024,-16.0,15.0,0.07692307692307693
2024,-15.0,15.0,0.3870967741935484
2024,15.0,15.0,0.4090909090909091
2024,15.0,16.0,0.72
2024,-15.0,16.0,0.48
2024,14.0,16.0,0.4838709677419355
2024,-14.0,16.0,0.38095238095238093
2024,14.0,17.0,0.4117647058823529
2024,-14.0,17.0,0.3333333333333333
2024,13.0,17.0,0.5
2024,-13.0,17.0,0.5490196078431373
2024,13.0,18.0,0.3333333333333333
2024,-13.0,18.0,0.5348837209302325
2024,12.0,18.0,0.38571428571428573
2024,-12.0,18.0,0.36363636363636365
2024,12.0,19.0,0.3582089552238806
2024,-12.0,19.0,0.35714285714285715
2024,11.0,19.0,0.44642857142857145
2024,-11.0,19.0,0.36538461538461536
2024,11.0,20.0,0.325
2024,10.0,20.0,0.3181818181818182
2024,-10.0,20.0,0.2828282828282828
2024,9.0,21.0,0.44285714285714284
2024,-9.0,21.0,0.40404040404040403
2024,8.0,21.0,0.45614035087719296
2024,-8.0,21.0,0.4588235294117647
2024,-7.0,22.0,0.3137254901960784
2024,7.0,22.0,0.2765957446808511
2024,-6.0,22.0,0.4444444444444444
2024,6.0,22.0,0.3333333333333333
2024,5.0,22.0,0.45454545454545453
2024,-5.0,23.0,0.4230769230769231
2024,5.0,23.0,0.45
2024,-4.0,23.0,0.36923076923076925
2024,4.0,23.0,0.2765957446808511
2024,-3.0,23.0,0.38461538461538464
2024,3.0,23.0,0.4791666666666667
2024,2.0,23.0,0.375
2024,-2.0,23.0,0.47368421052631576
2024,1.0,23.0,0.31666666666666665
2024,0.0,23.0,0.37777777777777777
2024,-1.0,23.0,0.4166666666666667
2024,17.0,2.0,0.0
2024,-17.0,3.0,0.2857142857142857
2024,18.0,3.0,0.3333333333333333
2024,-17.0,4.0,0.1111111111111111
2024,17.0,4.0,0.6
2024,-17.0,5.0,0.2727272727272727
2024,17.0,5.0,0.38461538461538464
2024,-17.0,6.0,0.6363636363636364
2024,17.0,6.0,0.45454545454545453
2024,-17.0,7.0,0.47368421052631576
2024,17.0,7.0,0.375
2024,17.0,8.0,0.47058823529411764
2024,-17.0,8.0,0.5
2024,17.0,9.0,0.2777777777777778
2024,-17.0,9.0,0.7142857142857143
2024,-16.0,9.0,0.3157894736842105
2024,-17.0,10.0,0.2727272727272727
2024,16.0,10.0,0.35
2024,-16.0,10.0,0.34782608695652173
2024,16.0,11.0,0.3076923076923077
2024,-16.0,11.0,0.44
2024,-16.0,12.0,0.3181818181818182
2024,16.0,12.0,0.3333333333333333
2024,-15.0,13.0,0.391304347826087
2024,15.0,13.0,0.2727272727272727
2024,-15.0,14.0,0.4166666666666667
2024,15.0,14.0,0.5909090909090909
2024,14.0,14.0,0.43243243243243246
2024,-14.0,14.0,0.3225806451612903
2024,14.0,15.0,0.47619047619047616
2024,-14.0,15.0,0.38095238095238093
2024,13.0,16.0,0.3333333333333333
2024,-13.0,16.0,0.40540540540540543
2024,-12.0,17.0,0.37037037037037035
2024,12.0,17.0,0.3103448275862069
2024,11.0,18.0,0.43548387096774194
2024,-11.0,18.0,0.40540540540540543
2024,10.0,19.0,0.4576271186440678
2024,-10.0,19.0,0.38095238095238093
2024,9.0,19.0,0.35526315789473684
2024,9.0,20.0,0.4605263157894737
2024,-9.0,20.0,0.38202247191011235
2024,8.0,20.0,0.5444444444444444
2024,-8.0,20.0,0.43529411764705883
2024,7.0,21.0,0.47761194029850745
2024,-7.0,21.0,0.47058823529411764
2024,6.0,21.0,0.40350877192982454
2024,-6.0,21.0,0.4067796610169492
2024,5.0,21.0,0.40350877192982454
2024,-5.0,21.0,0.5370370370370371
2024,-5.0,22.0,0.5581395348837209
2024,4.0,22.0,0.3888888888888889
2024,-4.0,22.0,0.5522388059701493
2024,3.0,22.0,0.5606060606060606
2024,-3.0,22.0,0.3582089552238806
2024,-2.0,22.0,0.5436893203883495
2024,2.0,22.0,0.5555555555555556
2024,0.0,22.0,0.4027777777777778
2024,1.0,22.0,0.34328358208955223
2024,-1.0,22.0,0.425
2024,-16.0,2.0,0.0
2024,16.0,3.0,0.5
2024,-16.0,3.0,0.14285714285714285
2024,17.0,3.0,1.0
2024,16.0,4.0,0.21428571428571427
2024,-16.0,4.0,0.07692307692307693
2024,-16.0,5.0,0.4838709677419355
2024,16.0,5.0,0.3333333333333333
2024,-16.0,6.0,0.36363636363636365
2024,16.0,6.0,0.4772727272727273
2024,-16.0,7.0,0.5434782608695652
2024,16.0,7.0,0.45161290322580644
2024,16.0,8.0,0.3076923076923077
2024,-16.0,8.0,0.34375
2024,16.0,9.0,0.5
2024,15.0,10.0,0.42857142857142855
2024,-15.0,10.0,0.43478260869565216
2024,-15.0,11.0,0.6129032258064516
2024,15.0,11.0,0.4
2024,15.0,12.0,0.43478260869565216
2024,-15.0,12.0,0.43478260869565216
2024,-14.0,12.0,0.40625
2024,14.0,12.0,0.43902439024390244
2024,-14.0,13.0,0.3333333333333333
2024,14.0,13.0,0.20689655172413793
2024,13.0,14.0,0.5142857142857142
2024,-13.0,14.0,0.34375
2024,-13.0,15.0,0.5
2024,13.0,15.0,0.4166666666666667
2024,-12.0,15.0,0.3333333333333333
2024,12.0,15.0,0.4909090909090909
2024,12.0,16.0,0.36363636363636365
2024,-12.0,16.0,0.38333333333333336
2024,-11.0,17.0,0.5333333333333333
2024,11.0,17.0,0.47368421052631576
2024,10.0,17.0,0.39285714285714285
2024,-10.0,18.0,0.4470588235294118
2024,10.0,18.0,0.39705882352941174
2024,9.0,18.0,0.3018867924528302
2024,-9.0,18.0,0.39473684210526316
2024,-9.0,19.0,0.3783783783783784
2024,-8.0,19.0,0.41964285714285715
2024,8.0,19.0,0.5
2024,7.0,19.0,0.43661971830985913
2024,-7.0,19.0,0.4606741573033708
2024,-7.0,20.0,0.37209302325581395
2024,7.0,20.0,0.39080459770114945
2024,6.0,20.0,0.4533333333333333
2024,-6.0,20.0,0.43209876543209874
2024,5.0,20.0,0.5
2024,-5.0,20.0,0.3333333333333333
2024,-4.0,21.0,0.37142857142857144
2024,4.0,21.0,0.4
2024,3.0,21.0,0.42105263157894735
2024,-3.0,21.0,0.46875
2024,2.0,21.0,0.4339622641509434
2024,-2.0,21.0,0.5161290322580645
2024,-1.0,21.0,0.543859649122807
2024,0.0,21.0,0.43646408839779005
2024,1.0,21.0,0.4948453608247423
2024,-15.0,1.0,1.0
2024,-15.0,2.0,0.6666666666666666
2024,-15.0,3.0,1.0
2024,15.0,3.0,1.0
2024,-15.0,4.0,0.46153846153846156
2024,15.0,4.0,0.2727272727272727
2024,15.0,5.0,0.4634146341463415
2024,-15.0,5.0,0.5434782608695652
2024,15.0,6.0,0.46
2024,-15.0,6.0,0.5272727272727272
2024,-15.0,7.0,0.3939393939393939
2024,15.0,7.0,0.4
2024,-15.0,8.0,0.42857142857142855
2024,15.0,8.0,0.46511627906976744
2024,15.0,9.0,0.45454545454545453
2024,-15.0,9.0,0.5555555555555556
2024,14.0,9.0,0.48214285714285715
2024,-14.0,9.0,0.5128205128205128
2024,-14.0,10.0,0.5283018867924528
2024,14.0,10.0,0.3
2024,-14.0,11.0,0.30952380952380953
2024,14.0,11.0,0.34285714285714286
2024,-13.0,12.0,0.4482758620689655
2024,-13.0,13.0,0.375
2024,13.0,13.0,0.34375
2024,-12.0,14.0,0.4603174603174603
2024,12.0,14.0,0.5192307692307693
2024,-11.0,15.0,0.375
2024,11.0,15.0,0.3448275862068966
2024,-11.0,16.0,0.33962264150943394
2024,11.0,16.0,0.5454545454545454
2024,-10.0,16.0,0.44
2024,10.0,16.0,0.6226415094339622
2024,-10.0,17.0,0.4444444444444444
2024,-9.0,17.0,0.5223880597014925
2024,9.0,17.0,0.4
2024,-8.0,18.0,0.5060240963855421
2024,8.0,18.0,0.43243243243243246
2024,-7.0,18.0,0.5233644859813084
2024,7.0,18.0,0.4954128440366973
2024,6.0,19.0,0.4567901234567901
2024,-6.0,19.0,0.42592592592592593
2024,-5.0,19.0,0.37254901960784315
2024,5.0,19.0,0.2537313432835821
2024,-4.0,20.0,0.39705882352941174
2024,4.0,20.0,0.37254901960784315
2024,3.0,20.0,0.5342465753424658
2024,-3.0,20.0,0.4810126582278481
2024,2.0,20.0,0.4857142857142857
2024,-2.0,20.0,0.49038461538461536
2024,0.0,20.0,0.4909090909090909
2024,-1.0,20.0,0.45454545454545453
2024,1.0,20.0,0.4803921568627451
2024,-14.0,2.0,0.0
2024,14.0,2.0,0.5
2024,-14.0,3.0,0.5
2024,14.0,3.0,0.3333333333333333
2024,-14.0,4.0,0.38461538461538464
2024,14.0,4.0,0.5
2024,-14.0,5.0,0.4153846153846154
2024,14.0,5.0,0.425
2024,14.0,6.0,0.4230769230769231
2024,-14.0,6.0,0.3835616438356164
2024,-14.0,7.0,0.4044943820224719
2024,14.0,7.0,0.3424657534246575
2024,14.0,8.0,0.40298507462686567
2024,-14.0,8.0,0.4782608695652174
2024,13.0,9.0,0.5882352941176471
2024,-13.0,10.0,0.40625
2024,13.0,10.0,0.4473684210526316
2024,13.0,11.0,0.46153846153846156
2024,-13.0,11.0,0.2857142857142857
2024,13.0,12.0,0.3181818181818182
2024,-12.0,12.0,0.5306122448979592
2024,12.0,12.0,0.36
2024,-12.0,13.0,0.3902439024390244
2024,12.0,13.0,0.5535714285714286
2024,-11.0,14.0,0.4411764705882353
2024,11.0,14.0,0.5
2024,10.0,15.0,0.4861111111111111
2024,-10.0,15.0,0.4411764705882353
2024,9.0,16.0,0.45
2024,-9.0,16.0,0.4393939393939394
2024,-8.0,16.0,0.5205479452054794
2024,8.0,16.0,0.4533333333333333
2024,8.0,17.0,0.5161290322580645
2024,-8.0,17.0,0.3968253968253968
2024,-7.0,17.0,0.42016806722689076
2024,7.0,17.0,0.5362318840579711
2024,-6.0,18.0,0.472
2024,6.0,18.0,0.4878048780487805
2024,5.0,18.0,0.4175824175824176
2024,-5.0,18.0,0.5348837209302325
2024,-4.0,19.0,0.4810126582278481
2024,4.0,19.0,0.6
2024,-3.0,19.0,0.373134328358209
2024,3.0,19.0,0.46774193548387094
2024,2.0,19.0,0.425531914893617
2024,-2.0,19.0,0.4430379746835443
2024,-1.0,19.0,0.4634146341463415
2024,1.0,19.0,0.5
2024,-0.0,19.0,0.41139240506329117
2024,-13.0,2.0,1.0
2024,-13.0,3.0,0.2222222222222222
2024,13.0,3.0,0.3333333333333333
2024,-13.0,4.0,0.5416666666666666
2024,13.0,4.0,0.2
2024,13.0,5.0,0.3103448275862069
2024,-13.0,5.0,0.4594594594594595
2024,-13.0,6.0,0.46774193548387094
2024,13.0,6.0,0.3382352941176471
2024,13.0,7.0,0.49206349206349204
2024,-13.0,7.0,0.38333333333333336
2024,-13.0,8.0,0.3559322033898305
2024,13.0,8.0,0.34
2024,-13.0,9.0,0.38235294117647056
2024,12.0,9.0,0.35
2024,-12.0,9.0,0.5294117647058824
2024,12.0,10.0,0.34375
2024,-12.0,10.0,0.39215686274509803
2024,-12.0,11.0,0.4
2024,12.0,11.0,0.46
2024,-11.0,12.0,0.5384615384615384
2024,11.0,12.0,0.325
2024,-11.0,13.0,0.40476190476190477
2024,11.0,13.0,0.4897959183673469
2024,10.0,13.0,0.33962264150943394
2024,-10.0,13.0,0.39285714285714285
2024,-10.0,14.0,0.5
2024,10.0,14.0,0.30985915492957744
2024,-9.0,14.0,0.3469387755102041
2024,9.0,14.0,0.4457831325301205
2024,-9.0,15.0,0.42857142857142855
2024,9.0,15.0,0.36666666666666664
2024,-8.0,15.0,0.5846153846153846
2024,8.0,15.0,0.4305555555555556
2024,-7.0,16.0,0.44086021505376344
2024,7.0,16.0,0.5538461538461539
2024,-6.0,17.0,0.42142857142857143
2024,6.0,17.0,0.4166666666666667
2024,5.0,17.0,0.3706896551724138
2024,-5.0,17.0,0.4217687074829932
2024,4.0,17.0,0.5
2024,-4.0,17.0,0.47435897435897434
2024,4.0,18.0,0.5157894736842106
2024,-4.0,18.0,0.4807692307692308
2024,3.0,18.0,0.5454545454545454
2024,-3.0,18.0,0.46
2024,-2.0,18.0,0.4262295081967213
2024,2.0,18.0,0.40625
2024,-0.0,18.0,0.4581497797356828
2024,1.0,18.0,0.49624060150375937
2024,-1.0,18.0,0.47058823529411764
2024,12.0,2.0,0.3333333333333333
2024,-12.0,3.0,0.42857142857142855
2024,12.0,3.0,0.4444444444444444
2024,-12.0,4.0,0.5454545454545454
2024,12.0,4.0,0.5384615384615384
2024,-12.0,5.0,0.40350877192982454
2024,12.0,5.0,0.37254901960784315
2024,-12.0,6.0,0.3917525773195876
2024,12.0,6.0,0.4838709677419355
2024,12.0,7.0,0.3953488372093023
2024,-12.0,7.0,0.3956043956043956
2024,-12.0,8.0,0.4230769230769231
2024,12.0,8.0,0.41333333333333333
2024,11.0,9.0,0.45454545454545453
2024,-11.0,9.0,0.38461538461538464
2024,11.0,10.0,0.4230769230769231
2024,-11.0,10.0,0.425531914893617
2024,11.0,11.0,0.36585365853658536
2024,-11.0,11.0,0.4473684210526316
2024,-10.0,11.0,0.34782608695652173
2024,10.0,11.0,0.3246753246753247
2024,10.0,12.0,0.3684210526315789
2024,-10.0,12.0,0.4642857142857143
2024,9.0,13.0,0.4225352112676056
2024,-9.0,13.0,0.3968253968253968
2024,-8.0,14.0,0.4935064935064935
2024,8.0,14.0,0.43636363636363634
2024,7.0,15.0,0.4117647058823529
2024,-7.0,15.0,0.38571428571428573
2024,6.0,15.0,0.5229357798165137
2024,-6.0,15.0,0.46923076923076923
2024,-6.0,16.0,0.4596774193548387
2024,6.0,16.0,0.4094488188976378
2024,-5.0,16.0,0.558282208588957
2024,5.0,16.0,0.5036496350364964
2024,4.0,16.0,0.41875
2024,-4.0,16.0,0.4311377245508982
2024,3.0,17.0,0.47761194029850745
2024,-3.0,17.0,0.45222929936305734
2024,-2.0,17.0,0.4397590361445783
2024,2.0,17.0,0.5138888888888888
2024,-0.0,17.0,0.5092592592592593
2024,1.0,17.0,0.41397849462365593
2024,-1.0,17.0,0.483695652173913
2024,-12.0,1.0,1.0
2024,11.0,2.0,1.0
2024,-12.0,2.0,0.0
2024,11.0,3.0,0.6
2024,-11.0,3.0,0.16666666666666666
2024,11.0,4.0,0.36
2024,-11.0,4.0,0.4375
2024,11.0,5.0,0.3953488372093023
2024,-11.0,5.0,0.5106382978723404
2024,-11.0,6.0,0.45588235294117646
2024,11.0,6.0,0.34285714285714286
2024,11.0,7.0,0.34177215189873417
2024,-11.0,7.0,0.4642857142857143
2024,-11.0,8.0,0.3939393939393939
2024,11.0,8.0,0.42105263157894735
2024,10.0,9.0,0.39473684210526316
2024,-10.0,9.0,0.35714285714285715
2024,10.0,10.0,0.5373134328358209
2024,-10.0,10.0,0.3939393939393939
2024,-9.0,11.0,0.4166666666666667
2024,9.0,11.0,0.42028985507246375
2024,-9.0,12.0,0.5147058823529411
2024,9.0,12.0,0.38461538461538464
2024,8.0,12.0,0.4666666666666667
2024,-8.0,12.0,0.5180722891566265
2024,-8.0,13.0,0.4153846153846154
2024,8.0,13.0,0.5
2024,-7.0,14.0,0.5
2024,7.0,14.0,0.42857142857142855
2024,-6.0,14.0,0.44360902255639095
2024,6.0,14.0,0.4117647058823529
2024,-5.0,15.0,0.4689655172413793
2024,5.0,15.0,0.4117647058823529
2024,4.0,15.0,0.449438202247191
2024,-4.0,15.0,0.3967391304347826
2024,3.0,16.0,0.4857142857142857
2024,-3.0,16.0,0.41605839416058393
2024,2.0,16.0,0.49411764705882355
2024,-2.0,16.0,0.4807692307692308
2024,0.0,16.0,0.4584615384615385
2024,-1.0,16.0,0.43902439024390244
2024,1.0,16.0,0.43790849673202614
2024,10.0,1.0,0.0
2024,-10.0,1.0,0.0
2024,-11.0,1.0,1.0
2024,-11.0,2.0,0.0
2024,-10.0,2.0,0.0
2024,-10.0,3.0,0.4166666666666667
2024,10.0,3.0,0.25
2024,10.0,4.0,0.2222222222222222
2024,-10.0,4.0,0.4090909090909091
2024,10.0,5.0,0.4666666666666667
2024,-10.0,5.0,0.375
2024,10.0,6.0,0.4375
2024,-10.0,6.0,0.5833333333333334
2024,10.0,7.0,0.41379310344827586
2024,-10.0,7.0,0.375
2024,-10.0,8.0,0.4430379746835443
2024,10.0,8.0,0.4166666666666667
2024,-9.0,9.0,0.45121951219512196
2024,9.0,9.0,0.4264705882352941
2024,9.0,10.0,0.3582089552238806
2024,-9.0,10.0,0.4444444444444444
2024,8.0,11.0,0.463768115942029
2024,-8.0,11.0,0.4157303370786517
2024,-7.0,12.0,0.4528301886792453
2024,7.0,12.0,0.46
2024,7.0,13.0,0.4111111111111111
2024,-7.0,13.0,0.38461538461538464
2024,6.0,13.0,0.38596491228070173
2024,-6.0,13.0,0.39473684210526316
2024,-5.0,14.0,0.5
2024,5.0,14.0,0.46774193548387094
2024,-4.0,14.0,0.5130890052356021
2024,4.0,14.0,0.47738693467336685
2024,-3.0,15.0,0.47953216374269003
2024,3.0,15.0,0.3875
2024,-2.0,15.0,0.4796380090497738
2024,2.0,15.0,0.4421052631578947
2024,0.0,15.0,0.49851632047477745
2024,-1.0,15.0,0.46296296296296297
2024,1.0,15.0,0.4486486486486487
2024,10.0,2.0,1.0
2024,9.0,3.0,0.3333333333333333
2024,-9.0,3.0,0.75
2024,9.0,4.0,0.35714285714285715
2024,-9.0,4.0,0.3684210526315789
2024,-9.0,5.0,0.48484848484848486
2024,9.0,5.0,0.3142857142857143
2024,-9.0,6.0,0.5294117647058824
2024,9.0,6.0,0.4868421052631579
2024,-9.0,7.0,0.4
2024,9.0,7.0,0.3815789473684211
2024,-9.0,8.0,0.3870967741935484
2024,9.0,8.0,0.35
2024,-8.0,8.0,0.45454545454545453
2024,-8.0,9.0,0.4117647058823529
2024,8.0,9.0,0.358695652173913
2024,-8.0,10.0,0.4111111111111111
2024,8.0,10.0,0.4
2024,-7.0,10.0,0.4028776978417266
2024,-7.0,11.0,0.40540540540540543
2024,7.0,11.0,0.4205607476635514
2024,-6.0,12.0,0.3614457831325301
2024,6.0,12.0,0.4918032786885246
2024,-5.0,12.0,0.49019607843137253
2024,5.0,12.0,0.41216216216216217
2024,-5.0,13.0,0.4827586206896552
2024,5.0,13.0,0.4642857142857143
2024,4.0,13.0,0.398876404494382
2024,-4.0,13.0,0.43820224719101125
2024,3.0,14.0,0.4157303370786517
2024,-3.0,14.0,0.4603960396039604
2024,2.0,14.0,0.42995169082125606
2024,-2.0,14.0,0.39748953974895396
2024,-1.0,14.0,0.4609375
2024,1.0,14.0,0.44144144144144143
2024,0.0,14.0,0.4460431654676259
2024,8.0,2.0,0.0
2024,-8.0,2.0,1.0
2024,8.0,3.0,0.0
2024,-8.0,3.0,0.6666666666666666
2024,8.0,4.0,0.3
2024,-8.0,4.0,0.14285714285714285
2024,8.0,5.0,0.5555555555555556
2024,-8.0,5.0,0.3953488372093023
2024,8.0,6.0,0.3384615384615385
2024,-8.0,6.0,0.3670886075949367
2024,-8.0,7.0,0.45
2024,8.0,7.0,0.4891304347826087
2024,8.0,8.0,0.3595505617977528
2024,7.0,8.0,0.4631578947368421
2024,-7.0,8.0,0.43661971830985913
2024,-7.0,9.0,0.384
2024,7.0,9.0,0.425
2024,7.0,10.0,0.4017857142857143
2024,6.0,10.0,0.4838709677419355
2024,-6.0,10.0,0.422680412371134
2024,-6.0,11.0,0.45454545454545453
2024,6.0,11.0,0.4527027027027027
2024,5.0,11.0,0.40397350993377484
2024,-5.0,11.0,0.3548387096774194
2024,4.0,12.0,0.4380165289256198
2024,-4.0,12.0,0.4434782608695652
2024,-3.0,13.0,0.3870967741935484
2024,3.0,13.0,0.41578947368421054
2024,-2.0,13.0,0.4250871080139373
2024,2.0,13.0,0.467680608365019
2024,-1.0,13.0,0.41515151515151516
2024,1.0,13.0,0.4384057971014493
2024,0.0,13.0,0.4532871972318339
2024,8.0,1.0,1.0
2024,7.0,3.0,0.0
2024,-7.0,3.0,0.0
2024,7.0,4.0,0.4166666666666667
2024,-7.0,4.0,0.3333333333333333
2024,-7.0,5.0,0.4
2024,7.0,5.0,0.3888888888888889
2024,7.0,6.0,0.3670886075949367
2024,-7.0,6.0,0.4375
2024,-7.0,7.0,0.4263565891472868
2024,7.0,7.0,0.44329896907216493
2024,6.0,8.0,0.4117647058823529
2024,-6.0,8.0,0.43209876543209874
2024,-6.0,9.0,0.4253393665158371
2024,6.0,9.0,0.43455497382198954
2024,5.0,10.0,0.39800995024875624
2024,-5.0,10.0,0.4318181818181818
2024,-4.0,11.0,0.416
2024,4.0,11.0,0.35772357723577236
2024,-3.0,11.0,0.44107744107744107
2024,3.0,11.0,0.45357142857142857
2024,-3.0,12.0,0.4517543859649123
2024,3.0,12.0,0.4297520661157025
2024,2.0,12.0,0.4045584045584046
2024,-2.0,12.0,0.37777777777777777
2024,-1.0,12.0,0.4785714285714286
2024,1.0,12.0,0.4642857142857143
2024,0.0,12.0,0.45867768595041325
2024,6.0,3.0,0.75
2024,-6.0,3.0,0.0
2024,6.0,4.0,0.5714285714285714
2024,-6.0,4.0,0.25
2024,6.0,5.0,0.32075471698113206
2024,-6.0,5.0,0.4594594594594595
2024,-6.0,6.0,0.41044776119402987
2024,6.0,6.0,0.45217391304347826
2024,6.0,7.0,0.39790575916230364
2024,-6.0,7.0,0.4020100502512563
2024,-5.0,8.0,0.42900302114803623
2024,5.0,8.0,0.3371647509578544
2024,5.0,9.0,0.46543778801843316
2024,-5.0,9.0,0.40671641791044777
2024,-4.0,9.0,0.41402714932126694
2024,4.0,9.0,0.3753280839895013
2024,4.0,10.0,0.4
2024,-4.0,10.0,0.3878116343490305
2024,-3.0,10.0,0.44768856447688565
2024,3.0,10.0,0.4220430107526882
2024,2.0,11.0,0.4327354260089686
2024,-2.0,11.0,0.45
2024,1.0,11.0,0.5302325581395348
2024,-1.0,11.0,0.43137254901960786
2024,0.0,11.0,0.4782110091743119
2024,-3.0,0.0,0.0
2024,-0.0,0.0,0.0
2024,2.0,0.0,0.0
2024,5.0,2.0,0.0
2024,5.0,3.0,0.8
2024,-5.0,3.0,0.3333333333333333
2024,-5.0,4.0,0.46153846153846156
2024,5.0,4.0,0.3333333333333333
2024,5.0,5.0,0.3392857142857143
2024,-5.0,5.0,0.3793103448275862
2024,5.0,6.0,0.3805970149253731
2024,-5.0,6.0,0.42105263157894735
2024,5.0,7.0,0.36885245901639346
2024,-5.0,7.0,0.3959731543624161
2024,4.0,7.0,0.42996742671009774
2024,-4.0,7.0,0.45264623955431754
2024,4.0,8.0,0.4040219378427788
2024,-4.0,8.0,0.4254062038404727
2024,-3.0,9.0,0.423407917383821
2024,3.0,9.0,0.40292275574112735
2024,2.0,10.0,0.46120689655172414
2024,-2.0,10.0,0.4288164665523156
2024,-1.0,10.0,0.44227005870841485
2024,1.0,10.0,0.4178082191780822
2024,0.0,10.0,0.4761388286334056
2024,-1.0,0.0,0.0
2024,4.0,2.0,0.0
2024,2.0,2.0,0.0
2024,4.0,3.0,0.5
2024,-4.0,3.0,0.0
2024,4.0,4.0,0.3157894736842105
2024,-4.0,4.0,0.3076923076923077
2024,-4.0,5.0,0.45517241379310347
2024,4.0,5.0,0.38345864661654133
2024,4.0,6.0,0.4861878453038674
2024,-4.0,6.0,0.4434589800443459
2024,-3.0,7.0,0.4979050279329609
2024,3.0,7.0,0.5016528925619834
2024,-3.0,8.0,0.4631803628601921
2024,3.0,8.0,0.4585308056872038
2024,2.0,8.0,0.4940239043824701
2024,-2.0,8.0,0.5146276595744681
2024,2.0,9.0,0.4264919941775837
2024,-2.0,9.0,0.4470899470899471
2024,-1.0,9.0,0.5160818713450293
2024,1.0,9.0,0.540090771558245
2024,0.0,9.0,0.5105348460291734
2024,1.0,0.0,0.0
2024,-3.0,3.0,0.0
2024,-3.0,4.0,0.4594594594594595
2024,3.0,4.0,0.41935483870967744
2024,3.0,5.0,0.5274390243902439
2024,-3.0,5.0,0.5508982035928144
2024,-3.0,6.0,0.5767716535433071
2024,3.0,6.0,0.5321285140562249
2024,-2.0,7.0,0.568922305764411
2024,2.0,7.0,0.5672287073065283
2024,1.0,8.0,0.5672235481304694
2024,-1.0,8.0,0.5725986597170514
2024,0.0,8.0,0.6039823008849557
2024,-0.0,2.0,0.0
2024,0.0,3.0,0.5
2024,-1.0,3.0,0.5
2024,2.0,3.0,1.0
2024,-2.0,3.0,0.0
2024,1.0,3.0,1.0
2024,1.0,4.0,0.780952380952381
2024,-2.0,4.0,0.6
2024,2.0,4.0,0.6727272727272727
2024,-1.0,4.0,0.7623762376237624
2024,-2.0,5.0,0.6309403437815976
2024,2.0,5.0,0.6759082217973231
2024,-2.0,6.0,0.6435845213849287
2024,2.0,6.0,0.6223506743737958
2024,-1.0,7.0,0.6890499809233117
2024,1.0,7.0,0.648042414355628
2024,0.0,7.0,0.722037422037422
2024,-0.0,4.0,0.803921568627451
2024,-1.0,5.0,0.779467680608365
2024,1.0,5.0,0.7969255663430421
2024,1.0,6.0,0.7412476129853597
2024,-1.0,6.0,0.7578034682080925
2024,-0.0,6.0,0.8333573798874622
2024,-0.0,5.0,0.7088188256796892
